cruise,cast,niskin,date_time_utc,latitude,longitude,depth,replicate,POC_micromolar,PON_micromolar,POC_microg_perL,PON_microg_perL,C_to_N_molar_ratio,C_quality_flag,N_quality_flag
AR24A,1,3,2017-10-22 20:05:34+00:00,41.1297,-70.8292,20.17,a,15.677,2.724,188.288,38.149,5.756,1,1
AR24A,1,5,2017-10-22 20:07:36+00:00,41.1297,-70.8292,12.44,a,18.723,2.934,224.872,41.092,6.382,1,1
AR24A,1,7,2017-10-22 20:09:36+00:00,41.1297,-70.8292,1.9,a,22.999,2.85,276.238,39.914,8.071,1,1
AR24A,3,1,2017-10-22 22:42:36+00:00,40.7985,-70.8312,53.08,a,8.802,1.406,105.717,19.692,6.261,1,1
AR24A,3,2,2017-10-22 22:44:38+00:00,40.7985,-70.8312,33.29,a,2.74,0.684,32.906,9.584,4.004,1,1
AR24A,3,3,2017-10-22 22:47:03+00:00,40.7985,-70.8312,19.3,a,13.164,2.332,158.103,32.664,5.645,1,1
AR24A,3,6,2017-10-22 22:48:50+00:00,40.7985,-70.8312,2.82,a,10.835,1.586,130.141,22.22,6.83,1,1
AR24A,5,1,2017-10-23 02:35:46+00:00,40.4988,-70.8368,70.81,a,14.318,2.228,171.972,31.201,6.428,1,1
AR24A,5,4,2017-10-23 02:55:28+00:00,40.4988,-70.8368,20.5,a,22.949,3.684,275.63,51.6,6.229,1,1
AR24A,5,6,2017-10-23 02:57:14+00:00,40.4988,-70.8368,11.24,a,27.808,3.993,333.991,55.931,6.964,1,1
AR24A,5,8,2017-10-23 02:58:50+00:00,40.4988,-70.8368,2.78,a,27.682,4.298,332.48,60.206,6.44,1,1
AR24A,17,1,2017-10-25 02:51:24+00:00,40.3645,-70.7725,84.74,a,7.756,0.944,93.153,13.223,8.215,1,1
AR24A,17,3,2017-10-25 02:56:57+00:00,40.3645,-70.7725,27.71,a,4.905,0.825,58.913,11.554,5.946,1,1
AR24A,17,6,2017-10-25 02:59:49+00:00,40.3645,-70.7725,2.17,a,6.523,1.198,78.346,16.774,5.447,1,1
EN608,4,12,2018-02-01 05:52:23+00:00,41.0187,-70.8707,3.55,a,18.106,NaN,217.466,NaN,NaN,1,4
EN608,4,6,2018-02-01 05:47:34+00:00,41.02,-70.8713,29.46,a,16.722,2.551,200.841,35.729,6.555,1,1
EN608,4,4,2018-02-01 05:47:15+00:00,41.0201,-70.8713,29.6,a,16.257,2.361,195.255,33.07,6.886,1,1
EN608,5,5,2018-02-01 09:26:50+00:00,40.8575,-70.8841,30.04,a,13.718,2.029,164.766,28.423,6.76,1,1
EN608,5,13,2018-02-01 09:32:45+00:00,40.8561,-70.8844,3.24,a,17.883,3.074,214.793,43.059,5.817,1,1
EN608,8,9,2018-02-01 19:25:56+00:00,40.6945,-70.8846,29.65,a,14.458,2.287,173.65,32.031,6.322,1,1
EN608,8,12,2018-02-01 19:28:22+00:00,40.6938,-70.8845,14.6,a,13.132,1.974,157.72,27.645,6.653,1,1
EN608,8,16,2018-02-01 19:30:57+00:00,40.693,-70.8842,5.44,a,14.74,2.136,177.033,29.923,6.9,1,1
EN608,9,9,2018-02-01 23:44:13+00:00,40.5227,-70.8958,29.43,a,12.62,1.897,151.57,26.566,6.654,1,1
EN608,9,16,2018-02-01 23:49:07+00:00,40.5221,-70.8966,5,a,11.426,1.469,137.235,20.57,7.78,1,1
EN608,12,8,2018-02-02 09:25:23+00:00,40.3572,-70.8802,54.59,a,7.768,1.244,93.3,17.423,6.245,1,1
EN608,12,11,2018-02-02 09:27:54+00:00,40.3568,-70.88,35.58,a,9.743,1.45,117.014,20.315,6.717,1,1
EN608,12,18,2018-02-02 09:32:47+00:00,40.3561,-70.88,4.76,a,13.716,2.009,164.739,28.133,6.829,1,1
EN608,14,13,2018-02-02 15:31:47+00:00,40.2132,-70.8988,67.05,a,7.273,0.885,87.352,12.39,8.222,1,1
EN608,14,22,2018-02-02 15:39:42+00:00,40.2123,-70.9013,6.88,a,9.696,1.359,116.458,19.029,7.137,1,1
EN608,15,15,2018-02-02 19:21:06+00:00,40.1207,-70.8054,14.39,a,12.04,1.698,144.607,23.786,7.09,1,1
EN608,15,19,2018-02-02 19:23:19+00:00,40.1201,-70.8062,6.25,a,9.954,1.536,119.549,21.517,6.479,1,1
EN608,21,9,2018-02-03 23:10:51+00:00,39.9262,-70.8864,99.49,a,2.056,0.389,24.696,5.449,5.286,1,1
EN608,21,14,2018-02-03 23:16:31+00:00,39.9248,-70.8863,30.55,a,7.355,1.113,88.333,15.585,6.61,1,1
EN608,21,19,2018-02-03 23:20:44+00:00,39.9239,-70.8862,5.19,a,7.561,1.145,90.818,16.04,6.603,1,1
EN608,22,13,2018-02-04 03:38:15+00:00,40.0808,-70.8499,41.09,a,9.374,1.383,112.59,19.367,6.779,1,1
EN608,22,19,2018-02-04 03:44:44+00:00,40.0799,-70.8478,5.18,a,9.939,1.488,119.369,20.836,6.681,1,1
EN608,30,1,2018-02-05 00:07:32+00:00,41.3224,-70.5752,13.39,a,38.207,4.813,458.898,67.411,7.939,1,1
EN608,30,5,2018-02-05 00:09:33+00:00,41.3222,-70.5747,10.25,a,24.523,3.15,294.544,44.124,7.785,1,1
EN608,30,9,2018-02-05 00:11:54+00:00,41.3222,-70.5742,4.01,a,27.802,3.517,333.921,49.261,7.905,1,1
EN608,30,9,2018-02-05 00:11:54+00:00,41.3222,-70.5742,4.01,b,24.963,3.198,299.821,44.788,7.807,1,1
AR28B,2,5,2018-04-03 22:22:32+00:00,41.0313,-70.8832,26.8,a,30.996,4.577,372.284,64.111,6.772,1,1
AR28B,2,11,2018-04-03 22:27:31+00:00,41.0313,-70.8832,3.02,a,11.858,1.873,142.425,26.233,6.332,1,1
AR28B,3,4,2018-04-04 00:13:30+00:00,40.8638,-70.8848,34.79,a,44.839,6.482,538.543,90.786,6.918,1,1
AR28B,3,9,2018-04-04 00:20:14+00:00,40.8638,-70.8848,2.04,a,16.186,2.036,194.405,28.521,7.949,1,1
AR28B,4,3,2018-04-04 02:09:14+00:00,40.6972,-70.8835,44.07,a,18.513,3.065,222.354,42.937,6.039,1,1
AR28B,4,10,2018-04-04 02:17:17+00:00,40.6972,-70.8835,3.08,a,8.932,1.715,107.278,24.015,5.209,1,1
AR28B,5,7,2018-04-04 04:16:25+00:00,40.5297,-70.8827,15,a,8.164,1.637,98.051,22.924,4.988,1,1
AR28B,5,10,2018-04-04 04:18:48+00:00,40.5297,-70.8827,2.51,a,5.917,0.997,71.062,13.969,5.932,1,1
AR28B,10,12,2018-04-09 15:19:17+00:00,39.9403,-70.8822,28.08,a,4.491,0.665,53.944,9.317,6.752,1,1
AR28B,10,16,2018-04-09 15:21:21+00:00,39.9403,-70.8822,3.78,a,3.945,0.671,47.388,9.4,5.879,1,1
AR28B,12,15,2018-04-10 02:38:52+00:00,39.7735,-70.884,23.25,a,4.913,0.872,59.006,12.213,5.634,1,1
AR28B,12,19,2018-04-10 02:41:39+00:00,39.7735,-70.884,2.69,a,5.489,0.854,65.926,11.964,6.426,1,1
AR28B,17,13,2018-04-10 18:36:34+00:00,40.096,-70.8853,16.73,a,4.038,0.629,48.505,8.809,6.422,1,1
AR28B,17,17,2018-04-10 18:38:01+00:00,40.096,-70.8853,2.03,a,3.806,0.548,45.718,7.673,6.949,1,1
AR28B,27,12,2018-04-11 12:35:22+00:00,40.2268,-70.8842,32.97,a,3.859,0.808,46.344,11.312,4.778,1,1
AR28B,27,17,2018-04-11 12:38:18+00:00,40.2268,-70.8842,6.91,a,3.644,0.571,43.764,8.001,6.379,1,1
AR28B,28,10,2018-04-11 18:09:46+00:00,40.364,-70.8833,36.64,a,3.683,0.639,44.231,8.948,5.765,1,1
AR28B,28,14,2018-04-11 18:12:48+00:00,40.364,-70.8833,5.89,a,3.248,0.494,39.005,6.919,6.574,1,1
AR28B,37,13,2018-04-12 12:21:23+00:00,40.1367,-70.775,17.13,a,3.928,0.701,47.174,9.815,5.605,1,1
AR28B,37,14,2018-04-12 12:22:38+00:00,40.1367,-70.775,5.46,a,5.236,0.845,62.884,11.832,6.198,1,1
EN617,1,5,2018-07-20 17:33:46+00:00,41.2024,-70.8854,12.18,a,17.953,2.472,215.634,34.63,7.262,1,1
EN617,1,5,2018-07-20 17:33:46+00:00,41.2024,-70.8854,12.18,b,17.303,2.442,207.818,34.204,7.085,1,1
EN617,1,8,2018-07-20 17:36:20+00:00,41.2028,-70.8855,7.26,a,21.752,2.596,261.251,36.357,8.38,1,1
EN617,1,12,2018-07-20 17:38:51+00:00,41.2033,-70.8855,1.8,a,18.741,2.148,225.096,30.081,8.727,1,1
EN617,2,11,2018-07-20 23:07:16+00:00,41.0318,-70.8792,20.1,a,13.752,2.107,165.176,29.516,6.526,1,1
EN617,2,16,2018-07-20 23:12:37+00:00,41.0323,-70.8786,3.22,a,10.779,1.43,129.464,20.034,7.536,1,1
EN617,5,6,2018-07-21 06:53:47+00:00,40.8645,-70.8862,25.19,a,25.907,4.359,311.161,61.057,5.943,1,1
EN617,5,16,2018-07-21 07:03:24+00:00,40.865,-70.8884,1.64,a,8.64,1.461,103.775,20.466,5.913,1,1
EN617,8,4,2018-07-21 15:02:02+00:00,40.7003,-70.8792,44.21,a,8.931,1.336,107.266,18.716,6.684,1,1
EN617,8,7,2018-07-21 15:04:49+00:00,40.7007,-70.8785,24.66,a,15.328,2.465,184.095,34.529,6.218,1,1
EN617,8,16,2018-07-21 15:13:12+00:00,40.7019,-70.8767,2.27,a,8.378,1.075,100.631,15.059,7.793,1,1
EN617,9,7,2018-07-21 17:35:45+00:00,40.5203,-70.8812,20.18,a,16.237,2.263,195.013,31.693,7.176,1,1
EN617,9,11,2018-07-21 17:39:41+00:00,40.5214,-70.8813,4.44,a,14.003,1.906,168.192,26.702,7.346,1,1
EN617,12,10,2018-07-22 02:22:04+00:00,40.3687,-70.8893,28.67,a,14.454,2.215,173.602,31.028,6.525,1,1
EN617,12,20,2018-07-22 02:27:54+00:00,40.3697,-70.8893,4.75,a,6.845,0.868,82.21,12.163,7.883,1,1
EN617,13,18,2018-07-22 05:23:45+00:00,40.241,-70.8891,3.43,a,9.385,1.155,112.72,16.173,8.128,1,1
EN617,14,10,2018-07-22 09:18:00+00:00,40.1433,-70.7591,38.58,a,5.931,1.005,71.234,14.081,5.899,1,1
EN617,14,15,2018-07-22 09:23:08+00:00,40.1448,-70.7598,17.97,a,11.028,1.458,132.455,20.423,7.563,1,1
EN617,14,17,2018-07-22 09:26:08+00:00,40.1454,-70.7594,6.78,a,3.475,0.517,41.736,7.247,6.716,1,1
EN617,14,17,2018-07-22 09:26:08+00:00,40.1454,-70.7594,6.78,b,3.846,0.563,46.193,7.881,6.836,1,1
EN617,17,10,2018-07-22 18:34:51+00:00,40.0968,-70.8716,30.05,a,11.834,1.438,142.134,20.137,8.231,1,1
EN617,17,17,2018-07-22 18:38:17+00:00,40.0963,-70.8709,5.58,a,13.162,1.857,158.087,26.008,7.088,1,1
EN617,18,5,2018-07-22 21:59:12+00:00,39.9493,-70.882,75.41,a,2.176,0.311,26.13,4.361,6.987,1,1
EN617,18,9,2018-07-22 22:03:12+00:00,39.9492,-70.8813,39.97,a,9.298,1.207,111.672,16.902,7.705,1,1
EN617,18,16,2018-07-22 22:08:38+00:00,39.949,-70.8801,4.77,a,3.672,0.399,44.108,5.587,9.207,1,1
EN617,21,11,2018-07-23 13:57:56+00:00,39.7648,-70.8597,30.57,a,15.584,2.103,187.176,29.454,7.411,1,1
EN617,21,20,2018-07-23 14:04:12+00:00,39.7638,-70.8576,4.58,a,4.168,0.678,50.059,9.495,6.148,1,1
EN617,35,2,2018-07-25 01:19:19+00:00,41.3242,-70.5855,13.62,a,28.189,3.191,338.571,44.696,8.834,1,1
EN617,35,8,2018-07-25 01:22:48+00:00,41.3246,-70.5852,4.32,a,21.401,2.456,257.037,34.398,8.714,1,1
AR31A,1,12,2018-10-21 08:03:48+00:00,40.3615,-70.8813,4.38,a,14.43,2.083,173.319,29.173,6.928,1,1
AR31A,2,7,2018-10-21 10:19:35+00:00,40.5153,-70.8808,24.92,a,10.187,1.673,122.352,23.433,6.089,1,1
AR31A,2,9,2018-10-21 10:22:30+00:00,40.5153,-70.8808,2.9,a,9.329,1.401,112.048,19.618,6.661,1,1
AR31A,3,3,2018-10-21 12:12:27+00:00,40.6963,-70.8838,35.31,a,10.187,1.432,122.348,20.06,7.113,1,1
AR31A,3,7,2018-10-21 12:17:49+00:00,40.6963,-70.8838,2.3,a,11.735,1.64,140.95,22.969,7.156,1,1
AR31A,4,3,2018-10-21 14:15:59+00:00,40.8632,-70.8837,40.24,a,17.026,2.563,204.493,35.898,6.643,1,1
AR31A,4,3,2018-10-21 14:15:59+00:00,40.8632,-70.8837,40.24,b,17.581,2.643,211.16,37.015,6.653,1,1
AR31A,4,7,2018-10-21 14:21:38+00:00,40.8632,-70.8837,3.05,a,16.228,1.997,194.909,27.965,8.128,1,1
AR31A,5,3,2018-10-21 16:21:46+00:00,41.0312,-70.8828,29.82,a,24.274,4.394,291.547,61.551,5.524,1,1
AR31A,5,7,2018-10-21 16:26:34+00:00,41.0312,-70.8828,3.07,a,20.011,3.123,240.34,43.745,6.407,1,1
AR31A,6,1,2018-10-21 17:53:39+00:00,41.1965,-70.8832,17,a,32.174,5.304,386.438,74.291,6.066,1,1
AR31A,6,3,2018-10-21 17:56:05+00:00,41.1965,-70.8832,3.41,a,22.246,3.146,267.194,44.059,7.072,1,1
EN627,3,3,2019-02-01 21:47:03+00:00,41.1977,-70.8809,11.85,a,19.094,3.298,229.334,46.197,5.789,1,1
EN627,3,5,2019-02-01 21:48:52+00:00,41.1978,-70.8806,6.79,a,17.731,2.725,212.961,38.163,6.508,1,1
EN627,3,7,2019-02-01 21:54:47+00:00,41.1984,-70.8797,2.14,a,17.283,2.897,207.576,40.582,5.965,1,1
EN627,7,4,2019-02-02 06:35:46+00:00,41.027,-70.8803,30.42,a,20.426,3.527,245.327,49.408,5.79,1,1
EN627,7,10,2019-02-02 06:41:34+00:00,41.0257,-70.8792,3.82,a,14.979,2.521,179.912,35.314,5.941,1,1
EN627,7,10,2019-02-02 06:41:34+00:00,41.0257,-70.8792,3.82,b,17.107,2.791,205.467,39.09,6.13,1,1
EN627,8,1,2019-02-02 10:08:04+00:00,40.8635,-70.8856,50.67,a,11.998,2.265,144.101,31.729,5.296,1,1
EN627,8,8,2019-02-02 10:17:45+00:00,40.8643,-70.8879,5.08,a,11.257,NaN,135.201,NaN,NaN,3,4
EN627,8,8,2019-02-02 10:17:45+00:00,40.8643,-70.8879,5.08,b,12.476,1.956,149.842,27.393,6.379,1,1
EN627,12,4,2019-02-02 20:07:30+00:00,40.6978,-70.8802,45.49,a,13.512,1.991,162.293,27.882,6.788,1,1
EN627,12,8,2019-02-02 20:11:25+00:00,40.698,-70.8788,15.25,a,10.486,1.953,125.944,27.355,5.369,1,1
EN627,12,10,2019-02-02 20:13:29+00:00,40.6981,-70.8781,3.3,a,11.306,2.046,135.792,28.66,5.525,1,1
EN627,13,6,2019-02-02 23:37:00+00:00,40.5064,-70.8787,29.29,a,8.491,1.914,101.983,26.812,4.436,1,1
EN627,13,10,2019-02-02 23:40:43+00:00,40.5054,-70.8776,3.95,a,7.221,1.922,86.733,26.923,3.757,1,1
EN627,16,6,2019-02-03 10:59:04+00:00,40.3632,-70.8902,43.68,a,7.735,NaN,92.902,NaN,NaN,3,4
EN627,16,11,2019-02-03 11:04:13+00:00,40.3637,-70.8916,5.49,a,9.619,1.555,115.526,21.787,6.184,1,1
EN627,17,8,2019-02-03 14:10:26+00:00,40.2288,-70.8835,45.59,a,8.216,1.733,98.686,24.278,4.74,1,1
EN627,17,10,2019-02-03 14:15:25+00:00,40.2288,-70.8826,4.85,a,9.678,1.97,116.24,27.597,4.912,1,1
EN627,17,10,2019-02-03 14:15:25+00:00,40.2288,-70.8826,4.85,b,9.901,1.97,118.916,27.6,5.025,1,1
EN627,19,5,2019-02-03 18:02:36+00:00,40.1349,-70.7627,55.1,a,3.646,0,43.795,0,NaN,1,6
EN627,19,7,2019-02-03 18:07:29+00:00,40.1349,-70.7623,19.66,a,10.052,2.479,120.731,34.716,4.056,1,1
EN627,19,9,2019-02-03 18:09:45+00:00,40.1349,-70.7622,2.96,a,8.527,1.84,102.416,25.779,4.633,1,1
EN627,22,7,2019-02-04 02:13:04+00:00,40.0979,-70.881,25.33,a,12.24,1.932,147.008,27.06,6.335,1,1
EN627,22,11,2019-02-04 02:17:03+00:00,40.098,-70.88,2.54,a,18.424,2.872,221.288,40.225,6.416,1,1
EN627,24,6,2019-02-04 07:15:12+00:00,39.9381,-70.8856,19.85,a,12.562,2.155,150.88,30.178,5.831,1,1
EN627,24,8,2019-02-04 07:17:19+00:00,39.9381,-70.8857,13,a,13.027,2.206,156.46,30.897,5.905,1,1
EN627,24,9,2019-02-04 07:19:19+00:00,39.9381,-70.8859,4.9,a,16.368,3.055,196.589,42.791,5.358,1,1
EN627,26,7,2019-02-04 13:20:36+00:00,39.7783,-70.891,29.96,a,13.257,2.362,159.226,33.086,5.612,1,1
EN627,26,11,2019-02-04 13:25:03+00:00,39.7782,-70.892,5.1,a,14.119,2.507,169.574,35.112,5.632,1,1
EN627,29,6,2019-02-05 03:13:23+00:00,39.7781,-70.5245,70.19,a,2.962,0.796,35.571,11.148,3.721,1,1
EN627,29,8,2019-02-05 03:16:09+00:00,39.7784,-70.5248,40.13,a,1.692,0.537,20.323,7.518,3.152,1,1
EN627,29,10,2019-02-05 03:20:08+00:00,39.7787,-70.5254,1.83,a,1.668,0.609,20.032,8.531,2.738,1,1
EN627,45,1,2019-02-06 04:26:37+00:00,41.3199,-70.5728,14.57,a,47.048,5.164,565.083,72.329,9.111,1,1
EN627,45,5,2019-02-06 04:28:43+00:00,41.3196,-70.5729,8.68,a,36.747,4.163,441.362,58.306,8.828,1,1
EN627,45,9,2019-02-06 04:30:46+00:00,41.3193,-70.5731,2.01,a,27.328,3.588,328.223,50.254,7.617,1,1
AR34B,2,4,2019-04-15 04:46:14+00:00,40.6975,-70.8842,34.35,a,18.467,2.837,221.805,39.732,6.51,1,1
AR34B,2,9,2019-04-15 04:51:23+00:00,40.6975,-70.8842,5.58,a,15.431,2.516,185.34,35.243,6.133,1,1
AR34B,3,5,2019-04-15 06:37:29+00:00,40.8643,-70.8827,14.46,a,17.927,3.324,215.321,46.552,5.394,1,1
AR34B,3,7,2019-04-15 06:39:25+00:00,40.8643,-70.8827,5.4,a,12.95,2.352,155.539,32.948,5.505,1,1
AR34B,4,5,2019-04-15 08:17:17+00:00,41.0308,-70.8813,18.5,a,11.092,2.282,133.227,31.962,4.861,1,1
AR34B,4,7,2019-04-15 08:19:28+00:00,41.0308,-70.8813,5.48,a,11.721,2.143,140.779,30.02,5.469,1,1
AR34B,5,2,2019-04-15 09:54:45+00:00,41.197,-70.8827,16.4,a,6.611,1.215,79.405,17.016,5.442,1,1
AR34B,5,4,2019-04-15 09:56:55+00:00,41.197,-70.8827,5.55,a,8.65,1.827,103.897,25.595,4.734,1,1
AR34B,6,7,2019-04-17 03:09:55+00:00,40.226,-70.8845,75.14,a,6.304,1.153,75.711,16.151,5.467,1,1
AR34B,6,12,2019-04-17 03:16:23+00:00,40.226,-70.8845,32.43,a,12.259,2.322,147.238,32.525,5.279,1,1
AR34B,6,15,2019-04-17 03:19:30+00:00,40.226,-70.8845,6.65,a,15.503,3.035,186.199,42.513,5.108,1,1
AR34B,7,5,2019-04-17 06:19:10+00:00,40.5138,-70.8823,34.34,a,15.605,2.704,187.431,37.873,5.771,1,1
AR34B,7,8,2019-04-17 06:23:52+00:00,40.5138,-70.8823,5.4,a,15.583,2.789,187.161,39.062,5.588,1,1
AR34B,8,5,2019-04-17 08:01:53+00:00,40.3637,-70.8838,29.63,a,12.108,2.471,145.431,34.609,4.9,1,1
AR34B,8,8,2019-04-17 08:06:37+00:00,40.3637,-70.8838,5.82,a,11.917,2.075,143.135,29.07,5.742,1,1
AR34B,9,5,2019-04-18 01:57:48+00:00,40.137,-70.7763,47.91,a,4.921,NaN,59.105,NaN,NaN,1,4
AR34B,9,9,2019-04-18 02:02:55+00:00,40.137,-70.7763,4.99,a,5.372,0.943,64.523,13.203,5.699,1,1
AR34B,10,12,2019-04-18 05:49:51+00:00,39.774,-70.8833,25.42,a,19.498,3.196,234.188,44.761,6.102,1,1
AR34B,10,14,2019-04-18 05:52:42+00:00,39.774,-70.8833,5.52,a,16.732,2.994,200.965,41.942,5.588,1,1
AR34B,10,14,2019-04-18 05:52:42+00:00,39.774,-70.8833,5.52,b,12.602,1.982,151.364,27.757,6.359,1,1
AR34B,18,14,2019-04-22 05:31:27+00:00,40.0988,-70.884,24.15,a,10.004,2.413,120.157,33.798,4.146,1,1
AR34B,18,18,2019-04-22 05:34:10+00:00,40.0988,-70.884,6.93,a,23.061,4.166,276.98,58.345,5.536,1,1
AR34B,21,16,2019-04-22 15:18:39+00:00,39.9393,-70.8845,12.84,a,20.561,3.815,246.957,53.439,5.389,1,1
AR34B,21,20,2019-04-22 15:21:54+00:00,39.9393,-70.8845,7.52,a,22.027,3.934,264.564,55.097,5.6,1,1
AR34B,21,20,2019-04-22 15:21:54+00:00,39.9393,-70.8845,7.52,b,25.197,4.011,302.635,56.177,6.282,1,1
EN644,1,2,2019-08-20 19:10:41+00:00,41.1968,-70.8793,17.97,a,13.687,1.711,164.385,23.961,8.001,1,1
EN644,1,7,2019-08-20 19:13:15+00:00,41.1969,-70.8787,12.71,a,15.546,2.103,186.721,29.462,7.391,1,1
EN644,1,17,2019-08-20 19:17:59+00:00,41.1968,-70.8776,2.19,a,15.328,1.757,184.097,24.605,8.725,1,1
EN644,2,9,2019-08-21 00:44:24+00:00,41.024,-70.8717,18.04,a,36.159,4.895,434.293,68.562,7.387,1,1
EN644,2,17,2019-08-21 00:48:30+00:00,41.0237,-70.8715,1.79,a,20.046,3.385,240.765,47.412,5.922,1,1
EN644,5,12,2019-08-21 07:51:32+00:00,40.8632,-70.8793,10.7,a,36.663,5.017,440.352,70.267,7.308,1,1
EN644,5,15,2019-08-21 07:53:45+00:00,40.8632,-70.8789,2.62,a,22.409,3.262,269.149,45.696,6.869,1,1
EN644,5,15,2019-08-21 07:53:45+00:00,40.8632,-70.8789,2.62,b,21.234,3.529,255.032,49.428,6.017,1,1
EN644,7,9,2019-08-21 20:44:37+00:00,40.3545,-70.874,23.96,a,32.307,4.981,388.031,69.768,6.486,1,1
EN644,7,17,2019-08-21 20:51:08+00:00,40.3528,-70.8744,2.25,a,15.477,3.19,185.888,44.685,4.851,1,1
EN644,8,10,2019-08-22 00:18:24+00:00,40.215,-70.8852,29.72,a,26.206,3.797,314.753,53.189,6.901,1,1
EN644,8,21,2019-08-22 00:25:03+00:00,40.2135,-70.8844,4.27,a,6.392,0.893,76.769,12.503,7.16,1,1
EN644,9,5,2019-08-22 04:39:10+00:00,40.1189,-70.7801,75.49,a,5.762,1.091,69.209,15.284,5.281,1,1
EN644,9,8,2019-08-22 04:44:10+00:00,40.1169,-70.7797,49.42,a,6.572,1.369,78.933,19.173,4.801,1,1
EN644,9,18,2019-08-22 04:52:25+00:00,40.1141,-70.7783,4.69,a,5.363,0.911,64.415,12.754,5.89,1,1
EN644,12,10,2019-08-22 13:15:22+00:00,40.0904,-70.8914,45.73,a,3.977,0.867,47.771,12.14,4.589,1,1
EN644,12,18,2019-08-22 13:25:24+00:00,40.0886,-70.8955,2.43,a,7.659,1.145,91.988,16.034,6.691,1,1
EN644,13,9,2019-08-22 17:22:48+00:00,39.9348,-70.8852,53.5,a,6.568,1.286,78.882,18.016,5.106,1,1
EN644,13,14,2019-08-22 17:26:51+00:00,39.9343,-70.885,15.37,a,5.92,0.811,71.101,11.36,7.299,1,1
EN644,13,18,2019-08-22 17:28:58+00:00,39.9342,-70.8849,2.98,a,3.634,0.712,43.652,9.974,5.104,1,1
EN644,17,10,2019-08-23 01:51:13+00:00,39.7583,-70.8775,52.77,a,3.439,0.679,41.308,9.51,5.065,1,1
EN644,17,18,2019-08-23 01:56:03+00:00,39.7576,-70.8766,2.33,a,3.378,0.509,40.573,7.128,6.638,1,1
EN644,22,20,2019-08-24 03:11:08+00:00,40.5159,-70.8844,2.13,a,18.341,3.112,220.29,43.59,5.893,1,1
EN644,22,14,2019-08-24 03:08:01+00:00,40.5152,-70.8841,13.09,a,12.558,2.032,150.832,28.466,6.179,1,1
EN644,23,10,2019-08-24 05:29:08+00:00,40.698,-70.9001,17.69,a,17.082,2.777,205.171,38.902,6.151,1,1
EN644,23,13,2019-08-24 05:31:58+00:00,40.698,-70.9009,12.16,a,30.941,4.892,371.618,68.52,6.325,3,3
EN644,23,13,2019-08-24 05:31:58+00:00,40.698,-70.9009,12.16,b,28.753,3.993,345.347,55.935,7.2,3,3
EN644,23,18,2019-08-24 05:34:24+00:00,40.698,-70.9016,3.48,a,28.189,3.919,338.566,54.892,7.193,3,3
EN644,23,18,2019-08-24 05:34:24+00:00,40.698,-70.9016,3.48,b,29.64,4.682,356,65.586,6.33,3,3
EN644,29,2,2019-08-25 04:26:18+00:00,41.3182,-70.5852,15.22,a,30.059,4.034,361.025,56.503,7.451,1,1
EN644,29,8,2019-08-25 04:29:26+00:00,41.3187,-70.5861,3.69,a,21.13,2.688,253.784,37.655,7.86,1,1
EN644,29,4,2019-08-25 04:27:49+00:00,41.3185,-70.5857,6.64,a,23.787,6.86,285.703,96.09,3.467,1,3
AR39B,1,4,2019-10-05 22:41:21+00:00,41.1955,-70.8847,2.44,a,21.458,3.304,257.723,46.278,6.494,1,1
AR39B,2,4,2019-10-06 00:18:37+00:00,41.03,-70.8827,30.44,a,9.857,1.746,118.386,24.457,5.645,1,1
AR39B,2,11,2019-10-06 00:23:28+00:00,41.03,-70.8827,2.33,a,22.772,3.033,273.506,42.482,7.508,1,1
AR39B,3,4,2019-10-06 02:02:37+00:00,40.8633,-70.8827,27.59,a,12.388,1.994,148.79,27.928,6.213,1,1
AR39B,3,7,2019-10-06 02:06:37+00:00,40.8633,-70.8827,2.38,a,10.444,1.407,125.438,19.711,7.421,1,1
AR39B,4,5,2019-10-06 03:44:29+00:00,40.6972,-70.884,28.32,a,5.87,0.85,70.505,11.909,6.904,1,1
AR39B,4,12,2019-10-06 03:49:49+00:00,40.6972,-70.884,2.25,a,5.7,0.574,68.463,8.037,9.935,1,1
AR39B,5,5,2019-10-06 05:44:47+00:00,40.5142,-70.8837,37.22,a,6.005,0.811,72.129,11.353,7.409,1,1
AR39B,5,8,2019-10-06 05:50:10+00:00,40.5142,-70.8837,2.42,a,6.115,0.655,73.447,9.179,9.332,1,1
AR39B,6,9,2019-10-06 14:32:14+00:00,40.3633,-70.8833,41.79,a,2.892,0.087,34.735,1.213,33.4,1,3
AR39B,6,20,2019-10-06 14:36:57+00:00,40.3633,-70.8833,7.71,a,7.08,0.752,85.041,10.536,9.413,1,1
AR39B,10,9,2019-10-07 14:16:04+00:00,40.1378,-70.775,55.66,a,7.317,0.982,87.887,13.749,7.454,1,1
AR39B,10,20,2019-10-07 14:21:14+00:00,40.1378,-70.775,8.15,a,5.614,0.644,67.433,9.023,8.715,1,1
AR39B,10,20,2019-10-07 14:21:14+00:00,40.1378,-70.775,8.15,b,4.785,0.627,57.469,8.785,7.629,1,1
AR39B,11,9,2019-10-07 18:54:51+00:00,40.2267,-70.883,48.45,a,6.026,0.717,72.375,10.038,8.408,1,1
AR39B,11,16,2019-10-07 18:59:17+00:00,40.2267,-70.883,8.71,a,9.668,1.088,116.115,15.243,8.883,1,1
AR39B,12,14,2019-10-08 02:46:31+00:00,40.0952,-70.888,8.44,a,4.617,0.579,55.447,8.115,7.969,1,1
AR39B,13,7,2019-10-08 06:14:17+00:00,39.7735,-70.8843,50.18,a,2.563,0,30.783,0,NaN,1,6
AR39B,13,15,2019-10-08 06:22:20+00:00,39.7735,-70.8843,5.12,a,3.458,0.56,41.536,7.849,6.172,1,1
AR39B,14,9,2019-10-08 20:03:38+00:00,39.9398,-70.8823,21.28,a,6.599,1.001,79.26,14.026,6.59,1,1
AR39B,14,11,2019-10-08 20:06:02+00:00,39.9398,-70.8823,3.22,a,5.501,0.9,66.076,12.6,6.115,1,1
AR39B,1,2,2019-10-05 22:38:55+00:00,41.1955,-70.8847,19.2,a,17.262,2.703,207.323,37.854,6.387,1,1
AR39B,12,11,2019-10-08 02:44:02+00:00,40.0952,-70.888,46.11,a,4.86,0.667,58.377,9.338,7.29,1,1
AR31A,1,7,2018-10-21 07:57:58+00:00,40.3615,-70.8813,29.64,a,16.459,2.256,197.689,31.593,7.297,1,1
EN649,1,2,2020-02-01 18:11:36+00:00,41.2044,-70.8847,18.04,a,15.159,2.399,182.07,33.598,6.32,1,1
EN649,1,7,2020-02-01 18:14:30+00:00,41.2042,-70.8856,10.13,a,14.364,NaN,172.525,NaN,NaN,3,4
EN649,1,13,2020-02-01 18:17:19+00:00,41.2041,-70.8864,3.42,a,18.638,3.274,223.857,45.852,5.693,1,1
EN649,2,1,2020-02-01 23:01:53+00:00,41.3196,-70.5748,14.91,a,20.911,2.842,251.154,39.811,7.357,1,1
EN649,2,1,2020-02-01 23:01:53+00:00,41.3196,-70.5748,14.91,b,22.682,2.949,272.43,41.309,7.691,1,1
EN649,2,3,2020-02-01 23:04:33+00:00,41.3197,-70.5753,8.08,a,24.721,2.758,296.914,38.624,8.965,1,1
EN649,2,6,2020-02-01 23:07:03+00:00,41.3198,-70.5758,3.08,a,18.273,2.386,219.466,33.425,7.657,1,1
EN649,5,3,2020-02-02 08:41:48+00:00,41.0297,-70.8846,33.83,a,12.542,2.468,150.636,34.567,5.082,1,1
EN649,5,12,2020-02-02 08:48:38+00:00,41.0301,-70.8853,3.5,a,NaN,NaN,NaN,NaN,NaN,9,9
EN649,6,3,2020-02-02 12:16:31+00:00,40.863,-70.8857,29.92,a,8.767,1.87,105.296,26.198,4.687,1,1
EN649,6,9,2020-02-02 12:22:28+00:00,40.8626,-70.8859,4.24,a,8.065,NaN,96.864,NaN,NaN,3,4
EN649,7,11,2020-02-02 22:42:19+00:00,40.2229,-70.8885,50.02,a,5.695,1.24,68.402,17.367,4.593,1,1
EN649,7,11,2020-02-02 22:42:19+00:00,40.2229,-70.8885,50.02,b,4.321,1.164,51.893,16.297,3.713,1,1
EN649,7,16,2020-02-02 22:49:18+00:00,40.2222,-70.8909,5.36,a,6.229,1.434,74.818,20.081,4.345,1,1
EN649,8,6,2020-02-03 01:11:28+00:00,40.1279,-70.7966,70.65,a,1.557,0.526,18.703,7.367,2.961,1,1
EN649,8,6,2020-02-03 01:11:28+00:00,40.1279,-70.7966,70.65,b,0.796,0,9.564,0,NaN,1,6
EN649,8,12,2020-02-03 01:17:25+00:00,40.1265,-70.799,28.99,a,6.766,1.533,81.265,21.473,4.413,1,1
EN649,8,18,2020-02-03 01:21:16+00:00,40.1254,-70.8005,3.07,a,6.13,1.294,73.623,18.124,4.737,1,1
EN649,11,7,2020-02-03 09:02:16+00:00,40.0935,-70.9021,80.49,a,2.044,0.642,24.548,8.986,3.186,1,1
EN649,11,15,2020-02-03 09:13:21+00:00,40.0922,-70.9096,4.32,a,5.803,NaN,69.695,NaN,NaN,3,4
EN649,12,10,2020-02-03 17:38:33+00:00,39.9387,-70.8972,44.72,a,2.702,0.664,32.452,9.298,4.07,1,1
EN649,12,15,2020-02-03 17:43:15+00:00,39.9382,-70.8996,17.53,a,2.467,0.627,29.628,8.778,3.936,1,1
EN649,12,19,2020-02-03 17:45:20+00:00,39.938,-70.9002,4.91,a,3.176,0.766,38.148,10.735,4.144,1,1
EN649,16,13,2020-02-04 12:54:22+00:00,39.7715,-70.8834,34.79,a,2.757,0.647,33.118,9.066,4.26,1,1
EN649,16,21,2020-02-04 13:00:46+00:00,39.7713,-70.8844,3.75,a,5.495,1.063,66,14.885,5.171,1,1
EN649,19,14,2020-02-05 04:01:06+00:00,40.349,-70.883,14.9,a,6.565,1.236,78.844,17.317,5.31,1,1
EN649,19,19,2020-02-05 04:03:40+00:00,40.3486,-70.8829,3.81,a,7.966,1.752,95.673,24.533,4.548,1,1
EN649,20,12,2020-02-05 07:21:36+00:00,40.5092,-70.8783,15.32,a,7.446,0.954,89.426,13.366,7.802,1,1
EN649,20,12,2020-02-05 07:21:36+00:00,40.5092,-70.8783,15.32,b,6.616,0.89,79.463,12.473,7.43,1,1
EN649,20,14,2020-02-05 07:24:02+00:00,40.5093,-70.8781,3.68,a,8.008,1.48,96.181,20.731,5.41,1,1
EN649,21,5,2020-02-05 10:12:39+00:00,40.6995,-70.8829,37.49,a,9.573,1.893,114.984,26.511,5.058,1,1
EN649,21,12,2020-02-05 10:18:46+00:00,40.7007,-70.8831,15.42,a,11.003,1.595,132.151,22.342,6.898,1,1
EN649,21,18,2020-02-05 10:22:17+00:00,40.7012,-70.8835,2.62,a,11.062,1.796,132.865,25.15,6.161,1,1
EN655,1,5,2020-07-25 15:51:44+00:00,41.2031,-70.8803,18.24,a,19.879,2.953,238.756,41.357,6.732,1,1
EN655,1,7,2020-07-25 15:53:47+00:00,41.2026,-70.8802,12.47,a,21.764,2.877,261.399,40.294,7.565,1,1
EN655,1,16,2020-07-25 15:57:44+00:00,41.2024,-70.8804,2.33,a,12.725,1.651,152.833,23.125,7.707,1,1
EN655,2,7,2020-07-25 18:05:44+00:00,41.0304,-70.878,20.37,a,37.909,4.766,455.312,66.75,7.955,1,1
EN655,2,15,2020-07-25 18:09:45+00:00,41.0304,-70.877,2.46,a,13.047,1.504,156.708,21.067,8.675,1,1
EN655,3,5,2020-07-25 21:46:27+00:00,40.8577,-70.8818,25.28,a,17.011,3.156,204.316,44.204,5.39,1,1
EN655,3,5,2020-07-25 21:46:27+00:00,40.8577,-70.8818,25.28,b,16.777,2.798,201.5,39.185,5.997,1,1
EN655,3,19,2020-07-25 21:57:34+00:00,40.8528,-70.8817,1.85,a,13.655,1.532,164.008,21.46,8.912,1,1
EN655,7,7,2020-07-26 11:23:08+00:00,40.6912,-70.8796,35.05,a,8.969,1.198,107.73,16.781,7.487,1,1
EN655,7,9,2020-07-26 11:25:39+00:00,40.6906,-70.8796,23.26,a,13.158,2.136,158.035,29.918,6.16,1,1
EN655,7,18,2020-07-26 11:31:26+00:00,40.6891,-70.8794,1.79,a,10.803,2.008,129.756,28.123,5.381,1,1
EN655,10,7,2020-07-26 19:17:34+00:00,40.5094,-70.8775,33.09,a,11.517,1.919,138.329,26.874,6.003,1,1
EN655,10,16,2020-07-26 19:24:45+00:00,40.5072,-70.8763,1.43,a,9.666,1.217,116.089,17.046,7.942,1,1
EN655,11,11,2020-07-27 01:42:11+00:00,40.2218,-70.8758,22.09,a,13.88,1.954,166.706,27.371,7.103,1,1
EN655,11,17,2020-07-27 01:45:38+00:00,40.2212,-70.8749,2.83,a,4.339,0.53,52.111,7.418,8.192,1,1
EN655,12,8,2020-07-27 10:44:21+00:00,39.9265,-70.89,49.89,a,6.097,0.623,73.229,8.733,9.779,1,1
EN655,12,18,2020-07-27 10:51:57+00:00,39.9243,-70.892,2.54,a,2.804,0.496,33.684,6.953,5.65,1,1
EN655,12,16,2020-07-27 10:49:38+00:00,39.925,-70.8913,12.94,a,5.009,0.719,60.159,10.076,6.963,1,1
EN655,15,9,2020-07-27 21:31:28+00:00,40.0963,-70.8816,44.98,a,8.626,1.493,103.606,20.907,5.779,1,1
EN655,15,22,2020-07-27 21:40:29+00:00,40.0947,-70.8822,1.8,a,4.538,0.874,54.501,12.244,5.191,1,1
EN655,16,7,2020-07-28 02:05:17+00:00,40.3666,-70.871,34.43,a,10.231,1.509,122.887,21.13,6.782,1,1
EN655,16,17,2020-07-28 02:10:01+00:00,40.3663,-70.8694,1.72,a,7.303,0.578,87.719,8.096,12.636,1,1
EN657,1,2,2020-10-13 17:57:40+00:00,41.2028,-70.8774,18.67,a,13.976,2.367,167.858,33.16,5.903,1,1
EN657,1,8,2020-10-13 18:01:38+00:00,41.203,-70.8763,9.6,a,14.1,2.245,169.347,31.448,6.28,1,1
EN657,1,22,2020-10-13 18:06:02+00:00,41.2031,-70.875,2.68,a,15.756,2.694,189.24,37.733,5.849,1,1
EN657,2,6,2020-10-14 00:14:19+00:00,40.8603,-70.8791,30.54,a,12.576,2.344,151.052,32.834,5.365,1,1
EN657,2,12,2020-10-14 00:18:34+00:00,40.8594,-70.8784,2.48,a,9.337,1.812,112.138,25.374,5.154,1,1
EN657,5,5,2020-10-14 13:16:09+00:00,41.0293,-70.8842,35.1,a,12.546,2.391,150.681,33.495,5.246,1,1
EN657,5,9,2020-10-14 13:19:19+00:00,41.0293,-70.8843,20.3,a,13.497,2.021,162.104,28.302,6.68,1,1
EN657,5,14,2020-10-14 13:21:44+00:00,41.0294,-70.8843,4.11,a,11.277,2.052,135.441,28.737,5.496,1,1
EN657,6,8,2020-10-14 18:38:06+00:00,40.696,-70.8926,32.91,a,10.42,1.829,125.156,25.624,5.696,1,1
EN657,6,13,2020-10-14 18:41:29+00:00,40.6957,-70.8937,20.19,a,7.719,1.53,92.714,21.427,5.046,1,1
EN657,6,17,2020-10-14 18:43:49+00:00,40.6956,-70.8944,2.25,a,10.776,1.86,129.424,26.058,5.792,1,1
EN657,6,17,2020-10-14 18:43:49+00:00,40.6956,-70.8944,2.25,b,10.772,1.559,129.382,21.838,6.909,1,1
EN657,7,6,2020-10-14 23:28:06+00:00,40.5156,-70.8852,22.24,a,8.127,0.963,97.606,13.482,8.443,1,1
EN657,7,12,2020-10-14 23:33:02+00:00,40.5155,-70.8859,2.54,a,11.126,2.022,133.626,28.315,5.503,1,1
EN657,9,10,2020-10-15 08:17:10+00:00,39.9328,-70.878,60.27,a,1.052,0.648,12.633,9.072,1.624,1,1
EN657,9,11,2020-10-15 08:19:44+00:00,39.9326,-70.878,44.86,a,2.165,0.925,26.007,12.952,2.342,1,1
EN657,9,18,2020-10-15 08:25:22+00:00,39.9322,-70.8779,2.35,a,1.107,0,13.3,0,NaN,1,6
EN657,12,8,2020-10-15 16:49:33+00:00,39.7693,-70.8773,35.65,a,6.005,1.008,72.127,14.116,5.959,1,1
EN657,12,13,2020-10-15 16:52:26+00:00,39.7689,-70.8767,25.47,a,6.338,1.011,76.13,14.157,6.271,1,1
EN657,12,13,2020-10-15 16:52:26+00:00,39.7689,-70.8767,25.47,b,5.571,0.983,66.906,13.764,5.669,1,1
EN657,12,18,2020-10-15 16:55:49+00:00,39.7686,-70.8761,3.25,a,4.42,0.788,53.088,11.038,5.609,1,1
EN657,14,11,2020-10-16 09:57:28+00:00,40.1024,-70.8823,59.86,a,2.06,0,24.748,0,NaN,1,6
EN657,14,16,2020-10-16 10:02:36+00:00,40.1018,-70.882,2.37,a,3.072,0.758,36.892,10.612,4.054,1,1
EN657,15,11,2020-10-16 11:57:22+00:00,40.1298,-70.7688,50.02,a,2.55,0,30.623,0,NaN,1,6
EN657,15,14,2020-10-16 12:00:46+00:00,40.1294,-70.7682,25.43,a,5.09,1.135,61.132,15.902,4.483,1,1
EN657,15,18,2020-10-16 12:03:48+00:00,40.1291,-70.7676,3.21,a,3.777,0,45.361,0,NaN,1,6
EN657,17,13,2020-10-17 00:05:39+00:00,40.3599,-70.8884,38.34,a,5.437,0.83,65.299,11.62,6.553,1,1
EN657,17,18,2020-10-17 00:10:58+00:00,40.3602,-70.8888,3.67,a,5.532,0.854,66.446,11.966,6.476,1,1
EN657,19,11,2020-10-17 05:51:22+00:00,40.2233,-70.8675,20.27,a,3.675,0.666,44.134,9.322,5.521,1,1
EN657,19,15,2020-10-17 05:54:38+00:00,40.2232,-70.8663,4.96,a,5.16,1.079,61.978,15.112,4.783,1,1
EN657,20,2,2020-10-18 01:50:13+00:00,41.3204,-70.5782,15.74,a,20.514,3.274,246.382,45.858,6.266,1,1
EN657,20,4,2020-10-18 01:52:15+00:00,41.3206,-70.5782,8.27,a,21.708,3.563,260.729,49.909,6.092,1,1
EN657,20,7,2020-10-18 01:54:17+00:00,41.3206,-70.5781,2,a,19.98,3.489,239.98,48.874,5.726,1,1
EN661,1,2,2021-02-03 18:57:29+00:00,41.1984,-70.8796,17.37,a,31.13,4.364,373.889,61.126,7.133,1,1
EN661,1,9,2021-02-03 19:02:39+00:00,41.1971,-70.8783,11.03,a,31.984,4.194,384.147,58.751,7.625,1,1
EN661,1,15,2021-02-03 19:06:05+00:00,41.1961,-70.8774,0.79,a,32.061,4.303,385.079,60.265,7.452,1,1
EN661,2,7,2021-02-04 01:59:01+00:00,41.0306,-70.8884,24.55,a,21.482,3.114,258.013,43.621,6.898,1,1
EN661,2,16,2021-02-04 02:03:42+00:00,41.0309,-70.8889,3.39,a,18.97,2.872,227.841,40.222,6.606,1,1
EN661,5,6,2021-02-04 13:06:38+00:00,40.6969,-70.8864,28.4,a,14.696,NaN,176.511,NaN,NaN,1,4
EN661,5,11,2021-02-04 13:09:13+00:00,40.6966,-70.8871,15.47,a,15.436,2.568,185.394,35.968,6.011,1,1
EN661,5,23,2021-02-04 13:12:15+00:00,40.6963,-70.8879,2.43,a,16.991,2.93,204.076,41.044,5.798,1,1
EN661,6,6,2021-02-04 15:55:47+00:00,40.5134,-70.8874,30.15,a,9.687,1.832,116.344,25.664,5.287,1,1
EN661,6,12,2021-02-04 15:59:38+00:00,40.5137,-70.8889,1.87,a,9.713,1.824,116.665,25.544,5.326,1,1
EN661,7,8,2021-02-05 01:16:32+00:00,39.9407,-70.9029,86.23,a,4.814,0.61,57.822,8.544,7.892,1,1
EN661,7,15,2021-02-05 01:21:58+00:00,39.9409,-70.9057,25.93,a,5.872,0.941,70.526,13.182,6.239,1,1
EN661,7,18,2021-02-05 01:24:29+00:00,39.9411,-70.907,4.4,a,5.777,1.04,69.388,14.57,5.554,1,1
EN661,10,8,2021-02-05 13:40:43+00:00,39.7708,-70.8737,39.77,a,4.831,0.978,58.023,13.697,4.94,1,1
EN661,10,18,2021-02-05 13:44:51+00:00,39.7705,-70.8728,2.23,a,3.526,0.616,42.348,8.635,5.72,1,1
EN661,12,6,2021-02-06 16:19:18+00:00,40.8611,-70.8827,20.47,a,16.106,2.609,193.448,36.549,6.172,1,1
EN661,12,13,2021-02-06 16:23:06+00:00,40.86,-70.8832,2.09,a,14.503,2.364,174.189,33.111,6.135,1,1
EN661,14,2,2021-02-07 00:44:07+00:00,41.3196,-70.5767,13.74,a,34.831,4.217,418.343,59.066,8.26,1,1
EN661,14,4,2021-02-07 00:45:46+00:00,41.3194,-70.5769,8.05,a,44.193,5.534,530.789,77.515,7.986,1,1
EN661,14,7,2021-02-07 00:47:53+00:00,41.319,-70.5771,2.48,a,35.162,4.329,422.321,60.64,8.122,1,1
EN668,1,4,2021-07-16 18:15:36+00:00,41.1958,-70.884,14.06,a,29.354,3.364,352.559,47.114,8.727,1,1
EN668,1,11,2021-07-16 18:18:53+00:00,41.1952,-70.8836,10.4,a,33.611,3.665,403.697,51.329,9.172,1,1
EN668,1,15,2021-07-16 18:22:10+00:00,41.1946,-70.8831,4.07,a,21.845,1.722,262.369,24.114,12.688,1,1
EN668,1,15,2021-07-16 18:22:10+00:00,41.1946,-70.8831,4.07,b,23.894,2.063,286.978,28.899,11.581,1,1
EN668,2,7,2021-07-17 04:39:12+00:00,41.0314,-70.8799,21.19,a,18.877,2.646,226.724,37.059,7.135,1,1
EN668,2,17,2021-07-17 04:44:57+00:00,41.0313,-70.8793,2.82,a,18.496,0,222.145,0,NaN,1,6
EN668,5,9,2021-07-17 13:30:56+00:00,40.6937,-70.8789,30.29,a,25.782,3.637,309.654,50.944,7.088,3,1
EN668,5,14,2021-07-17 13:33:32+00:00,40.6935,-70.8785,17.4,a,12.089,1.532,145.202,21.465,7.889,1,1
EN668,5,18,2021-07-17 13:35:54+00:00,40.6934,-70.8782,4.58,a,10.829,2.317,130.059,32.46,4.673,1,1
EN668,7,9,2021-07-17 22:06:04+00:00,40.5153,-70.8801,30.2,a,15.909,2.059,191.073,28.836,7.727,1,1
EN668,7,9,2021-07-17 22:06:04+00:00,40.5153,-70.8801,30.2,b,15.438,2.306,185.427,32.305,6.694,1,1
EN668,7,16,2021-07-17 22:10:13+00:00,40.5155,-70.8797,4.13,a,4.142,0.288,49.752,4.033,14.386,1,3
EN668,8,8,2021-07-18 07:49:42+00:00,39.9206,-70.9019,68.61,a,2.034,0.103,24.43,1.447,19.691,1,3
EN668,8,15,2021-07-18 07:57:55+00:00,39.9187,-70.9005,29.46,a,9.048,1.239,108.668,17.349,7.305,1,1
EN668,8,21,2021-07-18 08:02:00+00:00,39.9178,-70.8996,4.25,a,4.229,0.553,50.797,7.749,7.645,1,1
EN668,11,7,2021-07-18 16:45:51+00:00,39.7689,-70.8789,36.31,a,5.66,0.461,67.979,6.461,12.27,1,1
EN668,11,13,2021-07-18 16:51:55+00:00,39.7676,-70.8785,13.12,a,5.694,0.665,68.394,9.309,8.568,1,1
EN668,11,18,2021-07-18 16:54:20+00:00,39.7673,-70.8783,4.74,a,4.447,0.46,53.41,6.437,9.676,1,1
EN668,14,7,2021-07-19 13:59:36+00:00,40.0987,-70.8841,52.28,a,7.065,0.51,84.856,7.146,13.848,1,1
EN668,14,14,2021-07-19 14:04:09+00:00,40.099,-70.8838,32.95,a,8.529,0.619,102.444,8.675,13.772,1,1
EN668,14,20,2021-07-19 14:09:24+00:00,40.0994,-70.8837,4.33,a,3.538,0.059,42.489,0.83,59.678,1,3
EN668,15,8,2021-07-19 17:05:29+00:00,40.1263,-70.7676,37.96,a,5.561,0.426,66.793,5.965,13.058,1,1
EN668,15,14,2021-07-19 17:12:16+00:00,40.1248,-70.767,13.79,a,5.365,0.367,64.439,5.136,14.633,1,1
EN668,15,18,2021-07-19 17:16:16+00:00,40.1239,-70.7667,4.28,a,3.645,0,43.777,0,NaN,1,3
EN668,15,18,2021-07-19 17:16:16+00:00,40.1239,-70.7667,4.28,b,4.574,0.11,54.934,1.536,41.719,1,3
EN668,17,6,2021-07-20 06:16:08+00:00,40.2157,-70.9024,62.35,a,4.02,NaN,48.283,NaN,NaN,1,4
EN668,17,12,2021-07-20 06:24:49+00:00,40.2143,-70.9061,41.77,a,10.661,1.2,128.041,16.813,8.881,1,1
EN668,17,22,2021-07-20 06:36:22+00:00,40.2128,-70.9118,4.41,a,3.392,0,40.735,0,NaN,1,6
EN668,18,10,2021-07-20 09:43:33+00:00,40.3682,-70.8929,30.88,a,16.411,2.279,197.109,31.928,7.2,1,1
EN668,18,14,2021-07-20 09:46:06+00:00,40.3686,-70.8933,17.98,a,10.45,1.552,125.508,21.737,6.733,1,1
EN668,18,18,2021-07-20 09:49:12+00:00,40.3691,-70.8939,3.82,a,4.653,0.804,55.882,11.266,5.785,1,1
EN668,20,1,2021-07-20 14:53:26+00:00,40.3613,-70.997,49.36,a,23.005,3.115,276.311,43.63,7.386,1,1
EN668,20,16,2021-07-20 15:01:16+00:00,40.3604,-70.9974,3.84,a,3.449,0,41.43,0,NaN,1,6
EN668,21,11,2021-07-21 02:22:58+00:00,40.8604,-70.8849,26.07,a,18.212,2.623,218.74,36.745,6.942,1,1
EN668,21,21,2021-07-21 02:28:23+00:00,40.86,-70.8844,3.87,a,6.091,0.213,73.153,2.978,28.643,3,3
EN668,25,2,2021-07-21 11:09:04+00:00,41.3176,-70.5786,15.86,a,30.027,4.322,360.646,60.539,6.947,1,1
EN668,25,5,2021-07-21 11:10:46+00:00,41.3175,-70.5784,10.32,a,28.598,3.539,343.486,49.566,8.082,1,1
EN668,25,14,2021-07-21 11:13:10+00:00,41.3174,-70.5781,4.08,a,31.569,3.946,379.162,55.268,8,1,1
AR61B,1,3,2021-11-08 20:20:26+00:00,41.1963,-70.8833,13.06,a,27.864,4.357,334.666,61.034,6.395,1,1
AR61B,1,6,2021-11-08 20:22:42+00:00,41.1963,-70.8833,3.64,a,21.249,3.257,255.216,45.618,6.524,1,1
AR61B,2,8,2021-11-08 21:56:39+00:00,41.0287,-70.8872,16.01,a,20.596,3.41,247.372,47.764,6.04,1,1
AR61B,2,12,2021-11-08 21:59:30+00:00,41.0287,-70.8872,4.07,a,17.037,2.77,204.629,38.792,6.152,1,1
AR61B,3,9,2021-11-09 00:01:55+00:00,40.8642,-70.8835,17.87,a,19.112,3.061,229.554,42.881,6.243,1,1
AR61B,3,11,2021-11-09 00:04:06+00:00,40.8642,-70.8835,3.56,a,20.243,3.027,243.129,42.395,6.688,1,1
AR61B,4,12,2021-11-09 02:13:38+00:00,40.6965,-70.8835,23.71,a,15.874,NaN,190.655,NaN,NaN,1,4
AR61B,4,16,2021-11-09 02:17:04+00:00,40.6965,-70.8835,4.35,a,14.543,2.714,174.669,38.014,5.358,1,1
AR61B,6,7,2021-11-09 05:09:28+00:00,40.5132,-70.8835,43.26,a,13.658,3.622,164.037,50.734,3.771,1,1
AR61B,6,12,2021-11-09 05:14:49+00:00,40.5132,-70.8835,3.73,a,13.312,2.599,159.891,36.4,5.123,1,1
AR61B,7,22,2021-11-09 16:37:05+00:00,39.9398,-70.8835,7.02,a,5.689,1.124,68.323,15.741,5.062,1,1
AR61B,9,16,2021-11-10 03:20:33+00:00,39.7733,-70.8822,15.88,a,6.768,1.463,81.286,20.496,4.625,1,1
AR61B,9,20,2021-11-10 03:22:36+00:00,39.7733,-70.8822,3.61,a,7.124,1.466,85.563,20.527,4.861,1,1
AR61B,11,15,2021-11-10 14:02:55+00:00,40.098,-70.883,40.51,a,3.94,0.898,47.323,12.582,4.386,1,1
AR61B,11,20,2021-11-10 14:07:47+00:00,40.098,-70.883,6.99,a,5.624,1.463,67.543,20.497,3.843,1,1
AR61B,12,14,2021-11-10 21:29:44+00:00,40.1363,-70.7757,25.34,a,4.551,1.02,54.66,14.288,4.461,1,1
AR61B,12,21,2021-11-10 21:35:27+00:00,40.1363,-70.7757,6.99,a,16.087,2.14,193.212,29.979,7.516,1,1
AR61B,18,14,2021-11-11 14:12:47+00:00,40.3637,-70.883,25.28,a,19.237,3.113,231.055,43.599,6.18,1,1
AR61B,18,19,2021-11-11 14:15:27+00:00,40.3637,-70.883,6.51,a,18.439,2.784,221.47,38.994,6.623,1,1
AR61B,32,15,2021-11-14 17:54:55+00:00,40.227,-70.883,24.98,a,12.46,2.415,149.649,33.824,5.16,1,1
AR61B,32,18,2021-11-14 17:57:35+00:00,40.227,-70.883,7.12,a,16.141,2.527,193.865,35.391,6.388,1,1
AT46,1,2,2022-02-16 18:29:56+00:00,41.1969,-70.883,17.91,a,15.231,2.533,182.931,35.48,6.013,1,1
AT46,1,13,2022-02-16 18:35:38+00:00,41.1966,-70.8828,2.06,a,16.66,2.855,200.098,39.982,5.836,1,1
AT46,2,2,2022-02-17 02:32:13+00:00,40.6969,-70.8819,59.85,a,9.253,2.147,111.135,30.07,4.31,1,1
AT46,2,8,2022-02-17 02:38:14+00:00,40.6968,-70.8817,38.23,a,12.311,2.291,147.862,32.087,5.374,1,1
AT46,2,19,2022-02-17 02:45:33+00:00,40.6974,-70.8813,2.49,a,13.677,2.195,164.268,30.741,6.232,1,1
AT46,3,4,2022-02-17 05:27:48+00:00,40.5141,-70.8818,55.5,a,9.994,1.874,120.036,26.246,5.334,1,1
AT46,3,13,2022-02-17 05:40:37+00:00,40.5141,-70.8807,3.14,a,9.251,1.597,111.115,22.362,5.795,1,1
AT46,6,13,2022-02-17 13:23:09+00:00,40.3635,-70.8812,21.97,a,9.075,1.636,108.997,22.916,5.547,1,1
AT46,6,18,2022-02-17 13:26:54+00:00,40.3634,-70.8812,2.94,a,7.996,1.117,96.04,15.647,7.158,1,1
AT46,7,1,2022-02-17 21:36:47+00:00,39.7727,-70.8816,496.17,a,-0.835,0.06,-10.023,0.843,-13.867,6,1
AT46,7,4,2022-02-17 21:59:44+00:00,39.7726,-70.8808,99.36,a,1.352,0.859,16.24,12.037,1.573,1,1
AT46,7,9,2022-02-17 22:09:52+00:00,39.7726,-70.8806,45.97,a,3.224,1.056,38.723,14.793,3.053,1,1
AT46,7,19,2022-02-17 22:18:47+00:00,39.7727,-70.8802,3.68,a,NaN,1.295,NaN,18.137,NaN,4,1
AT46,8,13,2022-02-18 04:44:34+00:00,40.0906,-70.8669,28.41,a,7.634,2.005,91.691,28.08,3.808,1,1
AT46,8,22,2022-02-18 04:51:00+00:00,40.0905,-70.8658,1.88,a,10.652,2.165,127.936,30.326,4.92,1,1
AT46,9,12,2022-02-18 08:12:37+00:00,39.9514,-70.8766,37.2,a,3.814,1.145,45.813,16.035,3.332,1,1
AT46,9,16,2022-02-18 08:16:01+00:00,39.9514,-70.8761,25.46,a,8.379,2.118,100.635,29.665,3.956,1,1
AT46,9,20,2022-02-18 08:18:28+00:00,39.9513,-70.8758,7.59,a,8.349,2.008,100.282,28.129,4.157,1,1
AT46,13,6,2022-02-19 03:29:17+00:00,40.1345,-70.7819,58.25,a,1.002,0.737,12.035,10.316,1.36,1,1
AT46,13,10,2022-02-19 03:31:55+00:00,40.1344,-70.782,44.63,a,2.373,1.194,28.496,16.724,1.987,1,1
AT46,13,19,2022-02-19 03:38:33+00:00,40.1335,-70.783,7.31,a,8.017,1.94,96.286,27.167,4.133,1,1
AT46,14,15,2022-02-19 06:12:51+00:00,40.2235,-70.8875,24.97,a,8.175,1.906,98.193,26.699,4.289,1,1
AT46,14,15,2022-02-19 06:12:51+00:00,40.2235,-70.8875,24.97,b,6.628,1.392,79.603,19.491,4.763,1,1
AT46,14,21,2022-02-19 06:16:46+00:00,40.2231,-70.888,4.49,a,7.955,2.004,95.543,28.064,3.97,1,1
AT46,16,7,2022-02-19 23:41:10+00:00,40.8611,-70.8816,29.94,a,15.475,2.847,185.866,39.871,5.436,1,1
AT46,16,12,2022-02-19 23:46:39+00:00,40.8607,-70.8822,7.3,a,16.564,3.945,198.946,55.253,4.199,1,1
AT46,17,4,2022-02-20 01:19:14+00:00,41.0269,-70.8854,28.25,a,44.029,5.97,528.817,83.625,7.375,1,1
AT46,17,9,2022-02-20 01:21:42+00:00,41.0267,-70.8854,15.57,a,44.579,5.643,535.43,79.033,7.901,1,1
AT46,17,14,2022-02-20 01:23:38+00:00,41.0271,-70.8859,7.05,a,41.815,5.575,502.226,78.084,7.501,1,1
AT46,23,2,2022-02-21 11:41:00+00:00,41.324,-70.5629,12.15,a,107.203,11.157,1287.58,156.274,9.609,1,1
AT46,23,3,2022-02-21 11:43:51+00:00,41.3242,-70.5626,5.9,a,70.759,7.979,849.86,111.766,8.868,1,1
AT46,23,7,2022-02-21 11:45:55+00:00,41.3242,-70.5626,2,a,63.889,6.34,767.35,88.801,10.077,1,1
AR66B,1,4,2022-04-20 14:28:58+00:00,41.0307,-70.8825,30.34,a,17.436,2.997,209.424,41.982,5.817,1,1
AR66B,1,9,2022-04-20 14:33:33+00:00,41.0307,-70.8825,3.42,a,20.185,3.252,242.437,45.548,6.207,1,1
AR66B,2,4,2022-04-20 17:16:40+00:00,40.863,-70.8832,34.12,a,14.917,2.674,179.162,37.452,5.579,1,1
AR66B,2,13,2022-04-20 17:22:26+00:00,40.863,-70.8832,5.35,a,13.925,3.034,167.244,42.491,4.59,1,1
AR66B,3,6,2022-04-20 19:31:42+00:00,40.6967,-70.8823,34.77,a,19.975,3.005,239.911,42.089,6.647,1,1
AR66B,3,12,2022-04-20 19:36:05+00:00,40.6967,-70.8823,4.82,a,18.62,2.696,223.641,37.769,6.905,1,1
AR66B,4,8,2022-04-20 22:12:00+00:00,40.5125,-70.8822,35.09,a,16.232,3.096,194.954,43.36,5.243,1,1
AR66B,4,15,2022-04-20 22:17:15+00:00,40.5125,-70.8822,3.95,a,17.328,2.663,208.123,37.297,6.508,1,1
AR66B,6,12,2022-04-21 15:34:06+00:00,39.9398,-70.8815,80.1,a,9.322,2.087,111.963,29.225,4.468,1,1
AR66B,6,21,2022-04-21 15:43:07+00:00,39.9398,-70.8815,4.22,a,6.71,1.315,80.595,18.412,5.105,1,1
AR66B,8,11,2022-04-22 02:21:27+00:00,39.7733,-70.882,83.04,a,10.911,2.208,131.053,30.933,4.941,1,1
AR66B,8,19,2022-04-22 02:28:37+00:00,39.7733,-70.882,3.98,a,12.685,2.559,152.359,35.838,4.958,1,1
AR66B,15,12,2022-04-23 15:29:31+00:00,40.0982,-70.8847,35.12,a,15.302,2.691,183.783,37.688,5.687,1,1
AR66B,15,15,2022-04-23 15:33:24+00:00,40.0982,-70.8847,23.14,a,18.111,3.127,217.531,43.8,5.792,1,1
AR66B,15,20,2022-04-23 15:37:18+00:00,40.0982,-70.8847,4.22,a,30.795,3.917,369.868,54.867,7.861,1,1
AR66B,19,9,2022-04-24 14:28:15+00:00,40.2265,-70.8832,34.96,a,8.752,1.733,105.123,24.278,5.05,1,1
AR66B,19,14,2022-04-24 14:33:02+00:00,40.2265,-70.8832,16.98,a,29.89,4.289,358.997,60.073,6.969,1,1
AR66B,19,20,2022-04-24 14:37:23+00:00,40.2265,-70.8832,3.09,a,30.081,3.972,361.289,55.633,7.573,1,1
AR66B,19,20,2022-04-24 14:37:23+00:00,40.2265,-70.8832,3.09,b,27.264,3.587,327.466,50.244,7.601,1,1
AR66B,20,15,2022-04-24 22:24:25+00:00,40.134,-70.77,12,a,34.235,4.168,411.192,58.387,8.213,1,1
AR66B,20,18,2022-04-24 22:26:12+00:00,40.134,-70.77,2.83,a,33.651,4.211,404.175,58.979,7.992,1,1
AR66B,22,8,2022-04-25 21:22:53+00:00,40.3617,-70.876,22.04,a,13.571,2.525,162.994,35.373,5.374,1,1
AR66B,22,14,2022-04-25 21:27:46+00:00,40.3617,-70.876,3.18,a,19.057,2.648,228.888,37.091,7.197,1,1
EN687,1,3,2022-07-29 19:22:10+00:00,41.1897,-70.8755,16.01,a,27.173,3.449,326.364,48.313,7.878,1,1
EN687,1,10,2022-07-29 19:24:44+00:00,41.1898,-70.8749,13.29,a,29.082,3.24,349.297,45.389,8.975,1,1
EN687,1,15,2022-07-29 19:26:48+00:00,41.1896,-70.8744,3.47,a,19.641,2.602,235.899,36.447,7.548,1,1
EN687,2,8,2022-07-30 03:05:31+00:00,41.0266,-70.8831,25.18,a,12.251,1.868,147.142,26.165,6.558,1,1
EN687,2,10,2022-07-30 03:07:02+00:00,41.0264,-70.8829,13.46,a,38.357,4.534,460.692,63.503,8.46,3,3
EN687,2,16,2022-07-30 03:09:12+00:00,41.0262,-70.8826,3.01,a,13.291,1.957,159.637,27.407,6.793,1,1
EN687,5,8,2022-07-30 11:53:00+00:00,40.7023,-70.885,30.32,a,NaN,NaN,NaN,NaN,NaN,9,9
EN687,5,14,2022-07-30 11:55:00+00:00,40.7028,-70.8852,15.99,a,12.123,2.411,145.609,33.774,5.028,1,1
EN687,5,19,2022-07-30 11:57:47+00:00,40.7034,-70.8854,2.92,a,8.428,1.501,101.226,21.024,5.615,1,1
EN687,6,8,2022-07-30 14:19:55+00:00,40.5158,-70.893,33.39,a,8.7,1.95,104.497,27.314,4.462,1,1
EN687,6,8,2022-07-30 14:19:55+00:00,40.5158,-70.893,33.39,b,9.396,1.82,112.856,25.498,5.162,1,1
EN687,6,15,2022-07-30 14:26:32+00:00,40.5167,-70.8951,3,a,5.959,1.029,71.575,14.412,5.791,1,1
EN687,7,6,2022-07-31 06:52:57+00:00,39.9187,-70.8964,39.49,a,10.317,1.996,123.911,27.96,5.168,1,1
EN687,7,8,2022-07-31 06:55:04+00:00,39.9184,-70.8972,30.77,a,21.083,3.161,253.222,44.272,6.67,1,1
EN687,7,19,2022-07-31 07:01:35+00:00,39.9178,-70.8997,3.32,a,5.045,0.966,60.598,13.534,5.222,1,1
EN687,10,9,2022-07-31 16:23:31+00:00,39.7816,-70.8916,37.36,a,9.259,1.531,111.204,21.449,6.046,1,1
EN687,10,13,2022-07-31 16:26:12+00:00,39.7821,-70.892,23.07,a,12.437,2.01,149.38,28.149,6.189,1,1
EN687,10,19,2022-07-31 16:30:15+00:00,39.783,-70.8927,2.77,a,4.288,0.709,51.503,9.937,6.044,1,1
EN687,13,12,2022-08-01 08:02:33+00:00,40.0895,-70.8796,32.02,a,21.11,3.208,253.55,44.94,6.58,1,1
EN687,13,19,2022-08-01 08:07:33+00:00,40.0889,-70.8786,3.45,a,6.064,1.08,72.835,15.132,5.613,1,1
EN687,16,9,2022-08-01 13:41:56+00:00,40.1445,-70.7735,36.36,a,16.335,2.848,196.197,39.889,5.736,1,1
EN687,16,13,2022-08-01 13:44:33+00:00,40.1448,-70.7736,19.29,a,14.898,2.607,178.935,36.518,5.714,1,1
EN687,16,19,2022-08-01 13:47:19+00:00,40.1452,-70.7737,2.71,a,5.258,1.028,63.156,14.395,5.116,1,1
EN687,18,10,2022-08-02 03:41:21+00:00,40.3591,-70.8784,19.13,a,12.866,2.17,154.525,30.401,5.928,1,1
EN687,18,19,2022-08-02 03:47:15+00:00,40.3587,-70.877,3.32,a,5.348,0.801,64.233,11.218,6.678,1,1
EN687,21,10,2022-08-02 11:15:17+00:00,40.2273,-70.8723,31.67,a,9.428,1.313,113.239,18.392,7.18,1,1
EN687,21,18,2022-08-02 11:20:10+00:00,40.2269,-70.8706,2.92,a,4.803,0.625,57.688,8.748,7.691,1,1
EN687,22,7,2022-08-02 21:22:17+00:00,40.8632,-70.877,23.74,a,25.433,3.372,305.472,47.23,7.543,1,1
EN687,22,14,2022-08-02 21:27:02+00:00,40.8634,-70.8755,3.21,a,8.179,0.989,98.236,13.85,8.271,1,1
EN687,26,1,2022-08-03 08:01:41+00:00,41.3183,-70.5758,15.35,a,31.242,4.014,375.243,56.223,7.783,1,1
EN687,26,5,2022-08-03 08:05:14+00:00,41.3182,-70.5755,3.01,a,14.058,1.527,168.85,21.389,9.206,1,1
AR61B,7,17,2021-11-09 16:34:08+00:00,39.9398,-70.8835,23.76,a,NaN,1.056,NaN,14.789,NaN,4,1
